word_count,weak_pool_size,pool_start,prefix,allow_repeats,target_coin,max_attempts,success,attempts,time_elapsed_sec,target_address,recovered_mnemonic
12,32,0,abandon abandon abandon,True,ETHEREUM,10000,False,10000,28.19,0x764C3D648C5091c0E16102Fdb39FF821dc68745d,
12,32,0,abandon abandon abandon,True,ETHEREUM,10000,False,10000,28.1,0x264cA673EAc97Ad909D72DDA050dD6F1d5802457,
12,32,0,abandon abandon abandon,True,ETHEREUM,10000,False,10000,28.04,0x1F985F53Ac342355D33A01B4f0D7375ca1631141,
12,32,0,abandon abandon abandon,True,ETHEREUM,10000,False,10000,28.03,0xFAD1c09908c9e5B2c213CFeBdA4e958410E36322,
12,32,0,abandon abandon abandon,True,BITCOIN,10000,False,10000,28.02,16hR5irtcP2dpTxsHKpXzMbkDCKpTDMiai,
12,32,0,abandon abandon abandon,True,BITCOIN,10000,False,10000,27.98,143HuA5s9Vw8TQGdksKm6mHqEid2HZbSJK,
12,32,0,abandon abandon abandon,True,BITCOIN,10000,False,10000,28.01,1BYoADip1eUzLAUVCGUDGU1rHD4ZNzeRsQ,
12,32,0,abandon abandon abandon,True,BITCOIN,10000,False,10000,28.03,1NKNJ5i6bEXseT6ADtjpEL7tUyAHhpYPBL,
12,32,0,abandon abandon abandon,False,ETHEREUM,10000,False,10000,28.16,0x1486bBB2FF12a41d8844EDF6Af6Ce64B7C384134,
12,32,0,abandon abandon abandon,False,ETHEREUM,10000,False,10000,28.18,0xe02290A170c267aDCCE1fE1F90c0C3601A8A4623,
12,32,0,abandon abandon abandon,False,ETHEREUM,10000,False,10000,28.1,0x5203486037a423688563bE5246b79B54633a26f4,
12,32,0,abandon abandon abandon,False,ETHEREUM,10000,False,10000,28.17,0x091207817598974310C592D207a47964Bc13Bc99,
12,32,0,abandon abandon abandon,False,BITCOIN,10000,False,10000,27.99,1H6BPYBacQDMjoE9ceM1EjptmUH8CWP5Vm,
12,32,0,abandon abandon abandon,False,BITCOIN,10000,False,10000,28.0,1JfdaDh8oouZD4ZEH83KCScZZBDtkLDRUR,
12,32,0,abandon abandon abandon,False,BITCOIN,10000,False,10000,27.97,1FQGvewMkT8fJTafBxxS1gADMJGDjnD8SZ,
12,32,0,abandon abandon abandon,False,BITCOIN,10000,False,10000,27.99,1MhwrJb5YvfpBa2UbJ5p6WQBcSRxMik4qc,
12,32,0,abandon abandon abandon abandon,True,ETHEREUM,10000,False,10000,28.05,0x9ac6E682FBa6e5A70F7443418b406C973440aBF7,
12,32,0,abandon abandon abandon abandon,True,ETHEREUM,10000,False,10000,28.04,0x29DA4aB8106A898FA57688C4aF8579Ba14246120,
12,32,0,abandon abandon abandon abandon,True,ETHEREUM,10000,False,10000,28.07,0xEDf3bbACF55f58c60F40724287222C9304C4CFfa,
12,32,0,abandon abandon abandon abandon,True,ETHEREUM,10000,False,10000,28.06,0xB4ff0369b2beC91833E3F4D4a0Ca53870bA8cb00,
12,32,0,abandon abandon abandon abandon,True,BITCOIN,10000,False,10000,27.97,1M4SthgC8AvfYHpRSfjEUMn1eZwchv4TDB,
12,32,0,abandon abandon abandon abandon,True,BITCOIN,10000,False,10000,28.02,1ChpGAdiyDXbv69cGkKYzMLn5bB6inaex1,
12,32,0,abandon abandon abandon abandon,True,BITCOIN,10000,False,10000,27.99,1DUGLPTANgfGArrZaWuuHsPRstT6bERwA3,
12,32,0,abandon abandon abandon abandon,True,BITCOIN,10000,False,10000,28.01,1NTQRbTFvHVveBK7XwPBQzL5TfHKX89JuA,
12,32,0,abandon abandon abandon abandon,False,ETHEREUM,10000,False,10000,28.1,0xf0F906Cbde33Fc5A216706c362776154E7778214,
12,32,0,abandon abandon abandon abandon,False,ETHEREUM,10000,False,10000,28.11,0xC0a46666512d202BE23C85702f6304771F6254fa,
12,32,0,abandon abandon abandon abandon,False,ETHEREUM,10000,False,10000,28.24,0xcf7cF4752318F1dceB700681AD898726c0862bCE,
12,32,0,abandon abandon abandon abandon,False,ETHEREUM,10000,False,10000,28.2,0x3225d84D84E233B83C10f1058B1F466aEa3F11A4,
12,32,0,abandon abandon abandon abandon,False,BITCOIN,10000,False,10000,28.02,1399JR73igDvKLcspoJGgCkVynuWrUgpSG,
12,32,0,abandon abandon abandon abandon,False,BITCOIN,10000,False,10000,28.02,1NohaNCD7dKmFagJeoBwep4F2h4USbRrUU,
12,32,0,abandon abandon abandon abandon,False,BITCOIN,10000,False,10000,28.03,1KAFkoWFfeYJjLYqZbKGiFvJGHhWVKYDMq,
12,32,0,abandon abandon abandon abandon,False,BITCOIN,10000,False,10000,28.01,13GtzNxVu4bD9ntwK8Sbh7uA2WgWjk4x5j,
12,32,0,abandon abandon abandon abandon abandon,True,ETHEREUM,10000,False,10000,28.02,0xE74FD463432CbbA16ab4e74B594f13c8F6CC983F,
12,32,0,abandon abandon abandon abandon abandon,True,ETHEREUM,10000,False,10000,28.06,0x4E02616857E245185975B7e223239C2779880af6,
12,32,0,abandon abandon abandon abandon abandon,True,ETHEREUM,10000,False,10000,28.06,0x8Be7A955cFB282E65B6f8DFcD68a4148384A2930,
12,32,0,abandon abandon abandon abandon abandon,True,ETHEREUM,10000,False,10000,28.07,0x8257Af4B572230b96FD423b71B9ffD2679240429,
12,32,0,abandon abandon abandon abandon abandon,True,BITCOIN,10000,False,10000,27.97,15L2N2oEwr2t96Uv7ApeU1rjKkA5tPDqNE,
12,32,0,abandon abandon abandon abandon abandon,True,BITCOIN,10000,False,10000,27.95,1E5mbXUBT5duQSsFyKMiFah1PUuHwJBz6Z,
12,32,0,abandon abandon abandon abandon abandon,True,BITCOIN,10000,False,10000,27.97,15U9CGauhW4DeRHdJt1kMgXSsyZyckhbyE,
12,32,0,abandon abandon abandon abandon abandon,True,BITCOIN,10000,False,10000,27.95,16wqwSZggVPaSQas3spprDq5a6rR7Hqykj,
12,32,0,abandon abandon abandon abandon abandon,False,ETHEREUM,10000,False,10000,28.06,0xDF179A76c078134a44c419B284B5a831ed85FFFE,
12,32,0,abandon abandon abandon abandon abandon,False,ETHEREUM,10000,False,10000,28.13,0xDea13FA8C5529eA48041F8D6F7e1526EE9F4Dc91,
12,32,0,abandon abandon abandon abandon abandon,False,ETHEREUM,10000,False,10000,28.1,0xb719541A15Ee55521342ef680931A26f9dE6499D,
12,32,0,abandon abandon abandon abandon abandon,False,ETHEREUM,10000,False,10000,28.15,0xba7af97182Ac6f19709AdD2B9f5494Ca6eda0248,
12,32,0,abandon abandon abandon abandon abandon,False,BITCOIN,10000,False,10000,28.03,1DtcJZHGSngHiTKFU9kryuL5GgQVq89SD3,
12,32,0,abandon abandon abandon abandon abandon,False,BITCOIN,10000,False,10000,28.01,15ihoxk9ZnzqHRDmiHq9dRNqBezfrFQqCH,
12,32,0,abandon abandon abandon abandon abandon,False,BITCOIN,10000,False,10000,28.02,1MgudwcULgWvvQngM8k4DN1JeKzmAeT39a,
12,32,0,abandon abandon abandon abandon abandon,False,BITCOIN,10000,False,10000,28.05,1KrjgZwPNzhcZmgtn6CQxGG2jZSu6z9qjR,
12,32,0,abandon abandon abandon abandon abandon abandon,True,ETHEREUM,10000,False,10000,28.05,0x12a16E501A5CBb9d8cc679E350A30e8a33e7F01A,
12,32,0,abandon abandon abandon abandon abandon abandon,True,ETHEREUM,10000,False,10000,28.11,0x84b46fe331b77189CeD5605c8A71a18050d0D515,
12,32,0,abandon abandon abandon abandon abandon abandon,True,ETHEREUM,10000,False,10000,28.11,0x09C9Bb759B3eb987B3659e209bf6281D77Fb733B,
12,32,0,abandon abandon abandon abandon abandon abandon,True,ETHEREUM,10000,False,10000,28.01,0x9f40aF62F65564B5610f8DFebcfb2adbd07C1456,
12,32,0,abandon abandon abandon abandon abandon abandon,True,BITCOIN,10000,False,10000,28.02,12GtLMfqD5WnXpdV64X8GNhho4kJqTYYwf,
12,32,0,abandon abandon abandon abandon abandon abandon,True,BITCOIN,10000,False,10000,28.02,1JEJRBrH4N96EUssqh3X9TVTiD5VKvGiN7,
12,32,0,abandon abandon abandon abandon abandon abandon,True,BITCOIN,10000,False,10000,27.96,1JaADR5xCMRcuGXzxcGQqgM3JiWuaPDwte,
12,32,0,abandon abandon abandon abandon abandon abandon,True,BITCOIN,10000,False,10000,28.06,1FbHvm2DCL2fudMRcrmAskzxRU7YjUuLFo,
12,32,0,abandon abandon abandon abandon abandon abandon,False,ETHEREUM,10000,False,10000,28.19,0xe509704C46936c6ea8307830b4DeD0Fe54f06C8a,
12,32,0,abandon abandon abandon abandon abandon abandon,False,ETHEREUM,10000,False,10000,28.15,0xCA908ED0eB64a405DCAD310C300B056536f5aEa4,
12,32,0,abandon abandon abandon abandon abandon abandon,False,ETHEREUM,10000,False,10000,28.1,0x38b40287980C460579ed2120ED5bccb3dF3791de,
12,32,0,abandon abandon abandon abandon abandon abandon,False,ETHEREUM,10000,False,10000,28.11,0x4302E1e0410B0d7377FE5AF106aF6BDFb2F11B2A,
12,32,0,abandon abandon abandon abandon abandon abandon,False,BITCOIN,10000,False,10000,28.01,13DnF8YPdFsMyCqwBtD2oGC4ZJCr8Rjq2R,
12,32,0,abandon abandon abandon abandon abandon abandon,False,BITCOIN,10000,False,10000,28.02,1McFb3GDTkr2HWoVGyqHufRywKGGf9Gbqg,
12,32,0,abandon abandon abandon abandon abandon abandon,False,BITCOIN,10000,False,10000,28.1,18aKAicAzDE95M6it5ScbFMf8WCpeDhNNz,
12,32,0,abandon abandon abandon abandon abandon abandon,False,BITCOIN,10000,False,10000,28.31,15S69E3WC9z4etmG1GJZLK1gPsECaHpAkU,
12,64,0,abandon abandon abandon,True,ETHEREUM,10000,False,10000,28.16,0xA651474E951EDf1C7cc2233379a9cEAf1856819d,
12,64,0,abandon abandon abandon,True,ETHEREUM,10000,False,10000,28.07,0x02130f68776e694C88F4b9f6b7BB878e1AbC98c1,
12,64,0,abandon abandon abandon,True,ETHEREUM,10000,False,10000,28.11,0x1C73De599cFAa8BBc663d99f57547aa62A1bfeB4,
12,64,0,abandon abandon abandon,True,ETHEREUM,10000,False,10000,28.14,0x804aBd3bB37DDc873baDc78D648809Be7e03A580,
12,64,0,abandon abandon abandon,True,BITCOIN,10000,False,10000,28.08,163Yj4VapZjWsLCVFUEvRy82GCWtxs4ocd,
12,64,0,abandon abandon abandon,True,BITCOIN,10000,False,10000,28.09,12SrU3KSAuoMaZawRZx2bmsEMsbcag45PS,
12,64,0,abandon abandon abandon,True,BITCOIN,10000,False,10000,28.0,1Aafbh4VcUqvpgU5AYVSVkd6pTHA5aWAmb,
12,64,0,abandon abandon abandon,True,BITCOIN,10000,False,10000,28.09,1FBwR8yxZm8z7fwC5qroJvWWSySk1rtRZw,
12,64,0,abandon abandon abandon,False,ETHEREUM,10000,False,10000,28.24,0x3Ba34976871030168621b1c904aD7A6f55cFc6B0,
12,64,0,abandon abandon abandon,False,ETHEREUM,10000,False,10000,28.24,0x4F5AE4e012AF9dd84996fED6754699637BD5C5b7,
12,64,0,abandon abandon abandon,False,ETHEREUM,10000,False,10000,28.22,0xE7d04324983bFeb65CB21c928A6A00dab7A55fd2,
12,64,0,abandon abandon abandon,False,ETHEREUM,10000,False,10000,28.17,0xB52fdDf95FBA03D2d4c4CAB5B47c284B47492463,
12,64,0,abandon abandon abandon,False,BITCOIN,10000,False,10000,28.04,1LLkbN17XWqbqQVpacRrJQ65ASC2htHTLj,
12,64,0,abandon abandon abandon,False,BITCOIN,10000,False,10000,28.04,1JgADZ2faYfowVu4fYVsNGCB7JbiTozndp,
12,64,0,abandon abandon abandon,False,BITCOIN,10000,False,10000,28.11,1F8Uii3D5wUAR1E4otN5V4ebV7zcwr9YJo,
12,64,0,abandon abandon abandon,False,BITCOIN,10000,False,10000,28.06,1Q3EsSxmXZAUNLGRvWZQ5wnT1u5Qmd5xxt,
12,64,0,abandon abandon abandon abandon,True,ETHEREUM,10000,False,10000,28.12,0x6CbD4c5933AAFf86cFd29856ea61e872ed3ed912,
12,64,0,abandon abandon abandon abandon,True,ETHEREUM,10000,False,10000,28.16,0xe791dbf837521DAc3443fc63b7Fe2776f962edb7,
12,64,0,abandon abandon abandon abandon,True,ETHEREUM,10000,False,10000,28.16,0xB29c3a3b9457C4fEfF8534DC4525A21c437295d5,
12,64,0,abandon abandon abandon abandon,True,ETHEREUM,10000,False,10000,28.18,0x4559b00C875Cf0a331Ed23c5aB26deA9C355314d,
12,64,0,abandon abandon abandon abandon,True,BITCOIN,10000,False,10000,28.05,1Em9ewwY17sWi9Zrdkt6GGmd4VuGg4Qqvv,
12,64,0,abandon abandon abandon abandon,True,BITCOIN,10000,False,10000,28.07,1Q5eZY1hXzRxGatgKAv3g4b8SkQ5CT8usf,
12,64,0,abandon abandon abandon abandon,True,BITCOIN,10000,False,10000,28.04,1P3VadGHZVzYuMhpaZX3YTvJZwDMVEdZDZ,
12,64,0,abandon abandon abandon abandon,True,BITCOIN,10000,False,10000,28.01,1K7FC9UpvM7GXuRVZkjP5BU5gvUqmWvHoJ,
12,64,0,abandon abandon abandon abandon,False,ETHEREUM,10000,False,10000,28.4,0x5A6B7FC15Ddd4f9Ccc8FeB1F696D16be800d3cf7,
12,64,0,abandon abandon abandon abandon,False,ETHEREUM,10000,False,10000,28.28,0xE1fb5EB90D10efD4808DD4150Bb9C5f4Acb3E857,
12,64,0,abandon abandon abandon abandon,False,ETHEREUM,10000,False,10000,28.15,0x867E8fc5F7ca6F26BE00a7963ef2ba35b31f83e3,
12,64,0,abandon abandon abandon abandon,False,ETHEREUM,10000,False,10000,28.17,0xe207C6a1aba22f86531d1C862fE5F149BBB38cc5,
12,64,0,abandon abandon abandon abandon,False,BITCOIN,10000,False,10000,28.12,1Nq2yF2BmqKRMoS79axmESZpfYkQ6j1jB5,
12,64,0,abandon abandon abandon abandon,False,BITCOIN,10000,False,10000,28.2,15fEgDXmkFypf9Sm7NunX7QzeECfJRXQra,
12,64,0,abandon abandon abandon abandon,False,BITCOIN,10000,False,10000,28.12,1DwPRyPQKo6FWscsYKqJKf6AmP4SYMdqgH,
12,64,0,abandon abandon abandon abandon,False,BITCOIN,10000,False,10000,28.11,1LxhV6wkjJo926reD1SioaXP8vbbG6PKLD,
12,64,0,abandon abandon abandon abandon abandon,True,ETHEREUM,10000,False,10000,28.09,0x26170f834B1BB36aa6185b6E334578ec5F6e88FD,
12,64,0,abandon abandon abandon abandon abandon,True,ETHEREUM,10000,False,10000,28.12,0xDfb966a802d7C0C9dED555F56b39335848CC1fC7,
12,64,0,abandon abandon abandon abandon abandon,True,ETHEREUM,10000,False,10000,28.16,0xd94Ae3414A949b9d42276Dd444A19f940d410f89,
12,64,0,abandon abandon abandon abandon abandon,True,ETHEREUM,10000,False,10000,28.18,0x2b46A86C5D0990b344D0b0b5B7dB5FFeDdAF8fe4,
12,64,0,abandon abandon abandon abandon abandon,True,BITCOIN,10000,False,10000,28.07,13KMG6bY4cdWnaPsKHYEnNfZV9s59GsCNc,
12,64,0,abandon abandon abandon abandon abandon,True,BITCOIN,10000,False,10000,28.08,1kKNK3em3YVGAKVn63PHvznSZjsReR4Z1,
12,64,0,abandon abandon abandon abandon abandon,True,BITCOIN,10000,False,10000,28.04,1PYDCDMAEguQLuA4wvGFphzJKqgjUABsqc,
12,64,0,abandon abandon abandon abandon abandon,True,BITCOIN,10000,False,10000,28.03,1GF3nhsxx85ax5FDFER9eDBTya1jxDXKMT,
12,64,0,abandon abandon abandon abandon abandon,False,ETHEREUM,10000,False,10000,28.22,0x65BC0a427a8754B8EEB8E56CaDa272722912324E,
12,64,0,abandon abandon abandon abandon abandon,False,ETHEREUM,10000,False,10000,28.23,0x8694A46D87ABEec6592433d29ee51d0da1Ad4419,
12,64,0,abandon abandon abandon abandon abandon,False,ETHEREUM,10000,False,10000,28.26,0x8d08AB0412010391136Ea49bA7c72c8008a34434,
12,64,0,abandon abandon abandon abandon abandon,False,ETHEREUM,10000,False,10000,28.29,0xa9bF388D858bBdFE50641AC31A2c815e1AC68F3c,
12,64,0,abandon abandon abandon abandon abandon,False,BITCOIN,10000,False,10000,28.23,1AwQcuTGtEH6x7RzVNFmScLhoTCE49ZELK,
12,64,0,abandon abandon abandon abandon abandon,False,BITCOIN,10000,False,10000,28.13,1GJzKEM34oSPvKuhHABY1gEA8PU7ActxeU,
12,64,0,abandon abandon abandon abandon abandon,False,BITCOIN,10000,False,10000,28.18,1GZBA7wZr7HFjuKyzewjVhYAvEfNfMpXgT,
12,64,0,abandon abandon abandon abandon abandon,False,BITCOIN,10000,False,10000,28.17,15hPNsEg3s1Sb933Pk8u1R7fb4WiBTZzdm,
12,64,0,abandon abandon abandon abandon abandon abandon,True,ETHEREUM,10000,False,10000,28.19,0xF60f5a0CC03f21C49E1053757a9AaaD1ff9C81C4,
12,64,0,abandon abandon abandon abandon abandon abandon,True,ETHEREUM,10000,False,10000,28.35,0x777575cEEd597a4b057D726679A9150E8a066566,
12,64,0,abandon abandon abandon abandon abandon abandon,True,ETHEREUM,10000,False,10000,28.41,0x70EbCa383441f1Ad80528Ca130921c1051dDA342,
12,64,0,abandon abandon abandon abandon abandon abandon,True,ETHEREUM,10000,False,10000,28.45,0xc6E2fB2934B0b058bFF317e694ec2A9781232652,
12,64,0,abandon abandon abandon abandon abandon abandon,True,BITCOIN,10000,False,10000,28.3,1GYKQLRPkaBvXW7DBRKKZmxGAdST4rydEA,
12,64,0,abandon abandon abandon abandon abandon abandon,True,BITCOIN,10000,False,10000,28.4,1P94uatVBeRqRzbEJfXESyZJurnyeaZmKG,
12,64,0,abandon abandon abandon abandon abandon abandon,True,BITCOIN,10000,False,10000,28.28,1NRL6og6Lf2nHNwPpdjic28A1CJckWjvWh,
12,64,0,abandon abandon abandon abandon abandon abandon,True,BITCOIN,10000,False,10000,28.24,1FJZpStdUg9tStTxdSxQqBE54jThCSVAzg,
12,64,0,abandon abandon abandon abandon abandon abandon,False,ETHEREUM,10000,False,10000,28.33,0x9e9dcc97f7928AC60692c484532F2c96988DE8b8,
12,64,0,abandon abandon abandon abandon abandon abandon,False,ETHEREUM,10000,False,10000,28.38,0x35E86bc97A9170c0F3ec0c4b4d1BE2765a3497C6,
12,64,0,abandon abandon abandon abandon abandon abandon,False,ETHEREUM,10000,False,10000,28.31,0xbED5192320255a3bEd89ad2A1E53278559597d3F,
12,64,0,abandon abandon abandon abandon abandon abandon,False,ETHEREUM,10000,False,10000,28.3,0x210935c273b1f4e40346469bfac4041B28e06e37,
12,64,0,abandon abandon abandon abandon abandon abandon,False,BITCOIN,10000,False,10000,28.28,1Ep5LyrPqpzqUA3fYaYcZBcv9nYcgm47Y4,
12,64,0,abandon abandon abandon abandon abandon abandon,False,BITCOIN,10000,False,10000,28.35,1GLzEYvxDT5gy6ALnxtjuzn9XoV1qMNPje,
12,64,0,abandon abandon abandon abandon abandon abandon,False,BITCOIN,10000,False,10000,28.24,17fdcdoS4EpvHwfzXsDSgjfycsCAkDyZY8,
12,64,0,abandon abandon abandon abandon abandon abandon,False,BITCOIN,10000,False,10000,28.24,1EbNzWsu3BH4NcmzPFTCLwe7wVqjxicptj,
24,32,0,abandon abandon abandon,True,ETHEREUM,10000,False,10000,28.26,0xB5F01Fc53C1a3f5BcD80ed76AEb8a6282D8741c9,
24,32,0,abandon abandon abandon,True,ETHEREUM,10000,False,10000,28.22,0xcaD6130f9c59738fAe3b60f3e70cEf4Fe556aB3c,
24,32,0,abandon abandon abandon,True,ETHEREUM,10000,False,10000,28.26,0xE78Fb4F050E369Efb4d3Ee8cDdD400Ec26585471,
24,32,0,abandon abandon abandon,True,ETHEREUM,10000,False,10000,28.23,0x31Cd29F587Aa2A46195669E40949f7AF1279ab01,
24,32,0,abandon abandon abandon,True,BITCOIN,10000,False,10000,28.15,1AVEi5Ncmi6LnEUWTZAe3P9NmLDMDpdE2a,
24,32,0,abandon abandon abandon,True,BITCOIN,10000,False,10000,28.16,1EgPxuME4ExujQxbWBkyfkpd7UpsQWEmgq,
24,32,0,abandon abandon abandon,True,BITCOIN,10000,False,10000,28.28,16LohbcF6jF4QnecLfHrXVfCaUzdSPskK5,
24,32,0,abandon abandon abandon,True,BITCOIN,10000,False,10000,28.32,16pujyBYyZeSYGwG6R5RbrCj8Xtw57SJ7T,
24,32,0,abandon abandon abandon,False,ETHEREUM,10000,False,10000,28.47,0x0B7560E111062D671459ef3c3B20a54F4E7cF0fa,
24,32,0,abandon abandon abandon,False,ETHEREUM,10000,False,10000,28.41,0xfDa8848CaC454E50709b182F37430F29d1864529,
24,32,0,abandon abandon abandon,False,ETHEREUM,10000,False,10000,28.34,0x55EE86532e45408A64B80904aA6c04236afB63fB,
24,32,0,abandon abandon abandon,False,ETHEREUM,10000,False,10000,28.41,0xA7E84bE1503BD5D277c94a81E367E469D6baCc21,
24,32,0,abandon abandon abandon,False,BITCOIN,10000,False,10000,28.27,1A8mA9LdG8nGEyEYW9wNE5iFfd34ZHP59Y,
24,32,0,abandon abandon abandon,False,BITCOIN,10000,False,10000,28.25,1L5fUbnahPcYeEcTmDB78qwpehzAbvyiuV,
24,32,0,abandon abandon abandon,False,BITCOIN,10000,False,10000,28.27,14nnoeKRH9iZzMMrxHzsjRptccXsVELJb6,
24,32,0,abandon abandon abandon,False,BITCOIN,10000,False,10000,28.29,1MGaC64MmzRyB2N7r6wSdMbZLx15C25MsP,
24,32,0,abandon abandon abandon abandon,True,ETHEREUM,10000,False,10000,28.25,0x169C2e58DEf2f0aEf5B3550fFe6d61b00C24257d,
24,32,0,abandon abandon abandon abandon,True,ETHEREUM,10000,False,10000,28.27,0x3c65132E5813DC45198c0D4F60597C45ACd7a600,
24,32,0,abandon abandon abandon abandon,True,ETHEREUM,10000,False,10000,28.36,0x9D79A7043921FA2De84A50073Cb40B5E91571295,
24,32,0,abandon abandon abandon abandon,True,ETHEREUM,10000,False,10000,28.23,0x6c4F24a1776dC48096afDa027481005E0c28D416,
24,32,0,abandon abandon abandon abandon,True,BITCOIN,10000,False,10000,28.12,1PvdB6cj5wKn9n1yGCR7s2eXaULmjUurPM,
24,32,0,abandon abandon abandon abandon,True,BITCOIN,10000,False,10000,28.15,1EZFXqAfFVHKSHwVFxyfBaWDGC9NWva6Zr,
24,32,0,abandon abandon abandon abandon,True,BITCOIN,10000,False,10000,28.17,1MLzZMJmcriRgomT9yeKpCYhzMpqKLi8Me,
24,32,0,abandon abandon abandon abandon,True,BITCOIN,10000,False,10000,28.18,15t7DyoyP3boZ3M6rGxixNgKMoqFT7VWjF,
24,32,0,abandon abandon abandon abandon,False,ETHEREUM,10000,False,10000,28.33,0x6Fd1d04dDd0E5F572C0cdf835cB32a74C2bB0da8,
24,32,0,abandon abandon abandon abandon,False,ETHEREUM,10000,False,10000,28.34,0x224d4eA763fDa8A96fce015712b394dF107F19E1,
24,32,0,abandon abandon abandon abandon,False,ETHEREUM,10000,False,10000,28.35,0x801bBC7808627D5Df5998C2F993F9A585b988FCA,
24,32,0,abandon abandon abandon abandon,False,ETHEREUM,10000,False,10000,28.35,0x10E3a273EEc7e28B2668F54793e1044cC466Eab1,
24,32,0,abandon abandon abandon abandon,False,BITCOIN,10000,False,10000,28.25,16xkaLVqoa4tMiW8ZruELBzjS2pyAU98gq,
24,32,0,abandon abandon abandon abandon,False,BITCOIN,10000,False,10000,28.25,1HzEcngFMomX8hUsaGz31R65Y4QGuRb6GK,
24,32,0,abandon abandon abandon abandon,False,BITCOIN,10000,False,10000,28.22,1Cmp8p628FWW2CP89qwjwNqqAkSN68xioU,
24,32,0,abandon abandon abandon abandon,False,BITCOIN,10000,False,10000,28.26,1JVuQAfhLWcueq4H6372FoHk6k7CkSp9sR,
24,32,0,abandon abandon abandon abandon abandon,True,ETHEREUM,10000,False,10000,28.26,0xcd1988E065f3428fCc80501832DA896942d69466,
24,32,0,abandon abandon abandon abandon abandon,True,ETHEREUM,10000,False,10000,28.29,0x8Ddc538F1A0aFc57D0CE342B70cdB3FB99263339,
24,32,0,abandon abandon abandon abandon abandon,True,ETHEREUM,10000,False,10000,28.29,0x5AA69c63891529b4dac88A926BBE06c0764F9f63,
24,32,0,abandon abandon abandon abandon abandon,True,ETHEREUM,10000,False,10000,28.35,0x0cd1D2b15508B9AE74E2b6F7372fF0CE26EC517b,
24,32,0,abandon abandon abandon abandon abandon,True,BITCOIN,10000,False,10000,28.24,1FJgirUtvLR87b9PjfqH6DxLee74eemKuH,
24,32,0,abandon abandon abandon abandon abandon,True,BITCOIN,10000,False,10000,28.19,15hgypf83gBCqLbcdsvyrT2uxE9H3LdQRd,
24,32,0,abandon abandon abandon abandon abandon,True,BITCOIN,10000,False,10000,28.1,17QEXBLJ3Ato3h6dMRvD2tsrFSmuPKGUbB,
24,32,0,abandon abandon abandon abandon abandon,True,BITCOIN,10000,False,10000,28.09,1LCfxVSL1oGD5cKjBnMWvAQmawLEoKy9Gh,
24,32,0,abandon abandon abandon abandon abandon,False,ETHEREUM,10000,False,10000,28.3,0x81400c11A648C1F9cb16421309583D6b4bc23446,
24,32,0,abandon abandon abandon abandon abandon,False,ETHEREUM,10000,False,10000,28.3,0x7f9b31A3Bc2Ff113EE25554CDeaA549bf40b8427,
24,32,0,abandon abandon abandon abandon abandon,False,ETHEREUM,10000,False,10000,28.34,0x2323E88d63570F0F76a07C01D5Af3466eDf19938,
24,32,0,abandon abandon abandon abandon abandon,False,ETHEREUM,10000,False,10000,28.31,0x159e68bf6C1B111B55B269Bdd4D4839D33738109,
24,32,0,abandon abandon abandon abandon abandon,False,BITCOIN,10000,False,10000,28.38,127UWymE9KLnDBW2T8LawRbfkSV4LNgqTB,
24,32,0,abandon abandon abandon abandon abandon,False,BITCOIN,10000,False,10000,28.21,1FoLGDQgXCEz7ogCUW1XB4WNWycGPmvmGm,
24,32,0,abandon abandon abandon abandon abandon,False,BITCOIN,10000,False,10000,28.24,1HdYAaC8754osAD2qgPTeSEgffXzg76eHK,
24,32,0,abandon abandon abandon abandon abandon,False,BITCOIN,10000,False,10000,28.26,1xsrUqQgagxjdPSedyA9fYJbVUis77vKB,
24,32,0,abandon abandon abandon abandon abandon abandon,True,ETHEREUM,10000,False,10000,28.24,0xa7A313Ed901cafddbfd0a864e2A36A9a06D69217,
24,32,0,abandon abandon abandon abandon abandon abandon,True,ETHEREUM,10000,False,10000,28.21,0x98a3F35620f5b37332db75885AE21D32a2Ff8623,
24,32,0,abandon abandon abandon abandon abandon abandon,True,ETHEREUM,10000,False,10000,28.2,0x94289fB7541b45BbD5970655194a7EB49eB554B6,
24,32,0,abandon abandon abandon abandon abandon abandon,True,ETHEREUM,10000,False,10000,28.22,0xbf6cb4Fb455c18F23278Bd8742Aa1Cf0044823FF,
24,32,0,abandon abandon abandon abandon abandon abandon,True,BITCOIN,10000,False,10000,28.15,1wdQZVrKFiY9hY6eUkaDT66nAsdK2VVxE,
24,32,0,abandon abandon abandon abandon abandon abandon,True,BITCOIN,10000,False,10000,28.15,1NNycjVWJHHocZX8YD9RuWJnNueXJkVbAx,
24,32,0,abandon abandon abandon abandon abandon abandon,True,BITCOIN,10000,False,10000,28.14,1GSQZQXmiAECMwCJvT7ChreSnrrfA7oVD4,
24,32,0,abandon abandon abandon abandon abandon abandon,True,BITCOIN,10000,False,10000,28.11,1HDvahTEfqJpKxgGTV5fbU9vDWsTxNn2wu,
24,32,0,abandon abandon abandon abandon abandon abandon,False,ETHEREUM,10000,False,10000,28.37,0xd018B2bad01d5A9547c966041D4A44b497f72862,
24,32,0,abandon abandon abandon abandon abandon abandon,False,ETHEREUM,10000,False,10000,28.39,0x2e1f4368D5BaDAFF1b83eaf4F02AC856DA154321,
24,32,0,abandon abandon abandon abandon abandon abandon,False,ETHEREUM,10000,False,10000,28.33,0x7a85e7d2304B550B075caB90e33Bf60E770874dC,
24,32,0,abandon abandon abandon abandon abandon abandon,False,ETHEREUM,10000,False,10000,28.31,0x947f9240Ce1aeB8002b77242562F2cd5E28410e2,
24,32,0,abandon abandon abandon abandon abandon abandon,False,BITCOIN,10000,False,10000,28.17,17cnzN2n2BDgkBV6kUXPEp1u4TbgzrNQdg,
24,32,0,abandon abandon abandon abandon abandon abandon,False,BITCOIN,10000,False,10000,28.2,1DTXG8j3UMi4yJJEpD4aW4uG1qXhW2heiK,
24,32,0,abandon abandon abandon abandon abandon abandon,False,BITCOIN,10000,False,10000,28.22,1L7Um5V1Ld8kHEtiCdNsykNTpD42dexuAf,
24,32,0,abandon abandon abandon abandon abandon abandon,False,BITCOIN,10000,False,10000,28.26,17ZopdiX7ckHMgN4NzifhP2MSjc81ajMoz,
24,64,0,abandon abandon abandon,True,ETHEREUM,10000,False,10000,28.29,0x247e14a3776EC4e9F806866D8E1E2a20435B65BA,
24,64,0,abandon abandon abandon,True,ETHEREUM,10000,False,10000,28.21,0xa596E56f1Ae86b3567Db60E3973161c73447E592,
24,64,0,abandon abandon abandon,True,ETHEREUM,10000,False,10000,28.21,0xFb50f2cD74347CEBb801b82875fbD1A0cD5ab4CA,
24,64,0,abandon abandon abandon,True,ETHEREUM,10000,False,10000,28.33,0x10Ed8f1aDB2BBA8db17bb85973Dca33635918670,
24,64,0,abandon abandon abandon,True,BITCOIN,10000,False,10000,28.18,1Q7rcTAMMpG7DR4JYZRdeFWDKqNzRZGHm8,
24,64,0,abandon abandon abandon,True,BITCOIN,10000,False,10000,28.16,19uBwnb83mwAnVqbrwEfGaa1N5jSfn8Wi2,
24,64,0,abandon abandon abandon,True,BITCOIN,10000,False,10000,28.17,1PSmG8kTU1rraeeMYkFuoANz6CcTg1kL3M,
24,64,0,abandon abandon abandon,True,BITCOIN,10000,False,10000,28.12,196q1gQoa7RmSK1EMNB6eSJ55VdwZV3YRs,
24,64,0,abandon abandon abandon,False,ETHEREUM,10000,False,10000,28.38,0xcdc5A5c94ed9bB4c63Ad20799640C4078843D1Db,
24,64,0,abandon abandon abandon,False,ETHEREUM,10000,False,10000,28.42,0xAbf5ca1bcDF95675D1629492c3c9c2E8f660aE7A,
24,64,0,abandon abandon abandon,False,ETHEREUM,10000,False,10000,28.43,0x57af6713eCa5CC61562244F370243B6FF0caF5E3,
24,64,0,abandon abandon abandon,False,ETHEREUM,10000,False,10000,28.42,0x17Ab9FDc9B6Ef8984Ac90C716a4C5b80D7368819,
24,64,0,abandon abandon abandon,False,BITCOIN,10000,False,10000,28.48,14rE7oiRL7i7CFF9SqWMAz4ZSomGXiRanS,
24,64,0,abandon abandon abandon,False,BITCOIN,10000,False,10000,28.3,1J1cCx1fhTLpQ37aW8PUhs7k1VHeWSfJxZ,
24,64,0,abandon abandon abandon,False,BITCOIN,10000,False,10000,28.33,1D2Bevp4baLcuhwwhDhiUN9YhM5DcucpA4,
24,64,0,abandon abandon abandon,False,BITCOIN,10000,False,10000,28.26,12pYC8AySQrLHTRGPBaUHJd7CC7oJDJbWE,
24,64,0,abandon abandon abandon abandon,True,ETHEREUM,10000,False,10000,28.24,0x7ebb667fE7093Ff7847066e57FF23cd1328751d8,
24,64,0,abandon abandon abandon abandon,True,ETHEREUM,10000,False,10000,28.3,0xe177Ce580b8F41e468581C232214Cfb69f661b42,
24,64,0,abandon abandon abandon abandon,True,ETHEREUM,10000,False,10000,28.27,0xe858C7e9D7D1190FA3feb5bC66c4B35Be0DE5812,
24,64,0,abandon abandon abandon abandon,True,ETHEREUM,10000,False,10000,28.3,0xcA1F93A2A9b9F7466A68455d31a0b1eD12DE2B05,
24,64,0,abandon abandon abandon abandon,True,BITCOIN,10000,False,10000,28.22,1NjuFjRZ8yD3WjnDkiJ35BF2334qMbedBe,
24,64,0,abandon abandon abandon abandon,True,BITCOIN,10000,False,10000,28.19,1QLCn9wHZiJ3pH7BziFAHCR46ogeGjZc6M,
24,64,0,abandon abandon abandon abandon,True,BITCOIN,10000,False,10000,28.23,1GJk8qjFbtVy5pweQKbZVJtmU26UEUDGvb,
24,64,0,abandon abandon abandon abandon,True,BITCOIN,10000,False,10000,28.17,1GFMuhjbfqEkv2UMqtY2RTMC54ouTbs6wd,
24,64,0,abandon abandon abandon abandon,False,ETHEREUM,10000,False,10000,28.34,0xA36C6F90270dA70e11E4A1D4cE873a3d309a0a68,
24,64,0,abandon abandon abandon abandon,False,ETHEREUM,10000,False,10000,28.3,0x27a79e328ad3d266dFf592309Fa5ef08Be5D84A5,
24,64,0,abandon abandon abandon abandon,False,ETHEREUM,10000,False,10000,28.31,0xc12cb53B61d11102fAbc40E3245e12CcdCA62C6d,
24,64,0,abandon abandon abandon abandon,False,ETHEREUM,10000,False,10000,28.31,0x1dAD28b5a382bed60855370550C8A3863FA0eb97,
24,64,0,abandon abandon abandon abandon,False,BITCOIN,10000,False,10000,28.24,1DyGtyL8XcwG555fD1cYmojDn85E5wwBM2,
24,64,0,abandon abandon abandon abandon,False,BITCOIN,10000,False,10000,28.23,122iKRwXzGpP2LY2wfK9YSvPeQWVvPbzzg,
24,64,0,abandon abandon abandon abandon,False,BITCOIN,10000,False,10000,28.38,18LXkSHxZt4M74FHjR2hcJaSD5J7sZcQft,
24,64,0,abandon abandon abandon abandon,False,BITCOIN,10000,False,10000,28.26,1GkRMBLvgiqvRXBXTiFipimD8xx3vdPVkU,
24,64,0,abandon abandon abandon abandon abandon,True,ETHEREUM,10000,False,10000,28.29,0x556Bbd9749dA552e92F11002278873da362d8d93,
24,64,0,abandon abandon abandon abandon abandon,True,ETHEREUM,10000,False,10000,28.27,0xBdD78a05376A6ABeBb1a194708c31D871EA1aDe3,
24,64,0,abandon abandon abandon abandon abandon,True,ETHEREUM,10000,False,10000,28.28,0xb5673693a0d9c6AB37399CE75BE7E3f696d72C99,
24,64,0,abandon abandon abandon abandon abandon,True,ETHEREUM,10000,False,10000,28.36,0x697deAbbDE8fdf3702e6bc3960A48F03391735a1,
24,64,0,abandon abandon abandon abandon abandon,True,BITCOIN,10000,False,10000,28.26,1Pk1RMy8uqEWZ8UNGDmydE25j85FPX9BLt,
24,64,0,abandon abandon abandon abandon abandon,True,BITCOIN,10000,False,10000,28.21,1NFbgkia4qSs3ke5WjbuGvB2EykwKq31V4,
24,64,0,abandon abandon abandon abandon abandon,True,BITCOIN,10000,False,10000,28.17,11GAaA7ykjpFJkxjMHLDH3WzkAdTWxitf,
24,64,0,abandon abandon abandon abandon abandon,True,BITCOIN,10000,False,10000,28.09,1EwyBBoir3v9RFyMk23Ne81iBpy8wjhfpW,
24,64,0,abandon abandon abandon abandon abandon,False,ETHEREUM,10000,False,10000,28.41,0xAA95428FE0BE11586D443d2c2C4182c1Fc215375,
24,64,0,abandon abandon abandon abandon abandon,False,ETHEREUM,10000,False,10000,28.34,0xe9488D4e08b73889A7899a2ec64d3bb9EC829BaF,
24,64,0,abandon abandon abandon abandon abandon,False,ETHEREUM,10000,False,10000,28.35,0xdaE99601d529777A79a6C3B9d8196903D370eB02,
24,64,0,abandon abandon abandon abandon abandon,False,ETHEREUM,10000,False,10000,28.35,0xd39E5f90D0Ce8061fe4903B7B64a9BDB126730D2,
24,64,0,abandon abandon abandon abandon abandon,False,BITCOIN,10000,False,10000,28.25,1HfGUqm7dXc6BRhLCNS2HC1osLnmcGFSXS,
24,64,0,abandon abandon abandon abandon abandon,False,BITCOIN,10000,False,10000,28.29,12fHvUpfjw62Jgc7AxcuCB4My5FM4RXMQa,
24,64,0,abandon abandon abandon abandon abandon,False,BITCOIN,10000,False,10000,28.29,1PEDVH65uiN8PL4e7S965rnEEgdqrKrB5E,
24,64,0,abandon abandon abandon abandon abandon,False,BITCOIN,10000,False,10000,28.22,1C4akXpyBH9SQZuGpdrQxstfUQJaezBcQ5,
24,64,0,abandon abandon abandon abandon abandon abandon,True,ETHEREUM,10000,False,10000,28.24,0x29167646864Ec7d55a3540c3Eb42b61aA4961A54,
24,64,0,abandon abandon abandon abandon abandon abandon,True,ETHEREUM,10000,False,10000,28.17,0xBF721D693539B1F1334690bf619211167bde98E0,
24,64,0,abandon abandon abandon abandon abandon abandon,True,ETHEREUM,10000,False,10000,28.31,0x62F2981eC43e0B7cDbD8f2Db4F0140C714AA992A,
24,64,0,abandon abandon abandon abandon abandon abandon,True,ETHEREUM,10000,False,10000,28.33,0x3CfF842575Cd1370722F22C3eAc4cA8d9C7664B4,
24,64,0,abandon abandon abandon abandon abandon abandon,True,BITCOIN,10000,False,10000,28.25,1LENM7XUQ4Pf2CCxx9KYQqD7TB7nRPkmzs,
24,64,0,abandon abandon abandon abandon abandon abandon,True,BITCOIN,10000,False,10000,28.21,1EPrFRwErC3nvCgxnhBtHWTYbq5tMXs8We,
24,64,0,abandon abandon abandon abandon abandon abandon,True,BITCOIN,10000,False,10000,28.28,1JnbEHqErJkhmNgHLeSsXH9qjqeiWDtoSS,
24,64,0,abandon abandon abandon abandon abandon abandon,True,BITCOIN,10000,False,10000,28.33,1MMEGGC9ttzpph3jnHhpyRCtRJGaej6PiQ,
24,64,0,abandon abandon abandon abandon abandon abandon,False,ETHEREUM,10000,False,10000,28.37,0x2886E1FfFbBaf425806472c40DEed99B36083159,
24,64,0,abandon abandon abandon abandon abandon abandon,False,ETHEREUM,10000,False,10000,28.4,0xb5A4C9DDB485961DCBfAc3433765F80ec54B29B8,
24,64,0,abandon abandon abandon abandon abandon abandon,False,ETHEREUM,10000,False,10000,28.34,0x46D4629F8a2Bf56359C8255A7f2f88Fe502Fc1a5,
24,64,0,abandon abandon abandon abandon abandon abandon,False,ETHEREUM,10000,False,10000,28.5,0x30a49cc37986a8b0A5C8C1e62D4ecD5ad4480172,
24,64,0,abandon abandon abandon abandon abandon abandon,False,BITCOIN,10000,False,10000,28.23,1EuFJw3Zs7zrXLXCcfV93Dv9QztL9B4HaF,
24,64,0,abandon abandon abandon abandon abandon abandon,False,BITCOIN,10000,False,10000,28.29,1F2QXhuhJvxrpLiD2Xcg5DCRKABpQZkhdo,
24,64,0,abandon abandon abandon abandon abandon abandon,False,BITCOIN,10000,False,10000,28.29,13nWZU7y8tACxzYHDePMqyHCg3jx9EEq48,
24,64,0,abandon abandon abandon abandon abandon abandon,False,BITCOIN,10000,False,10000,28.33,13crK4Auufpt5B7NkJASsXzw7EK1b6Gth8,
